"第1,2,9,11,13,14,17列",A1 RuleSet 期限與人數,內政部國家公園署,01 入園前N天,NULL
"第1,2,9,11,13,14,17列",A1 RuleSet 期限與人數,內政部國家公園署,02 天數基準0入園1出園,NULL
"第1,2,9,11,13,14,17列",A1 RuleSet 期限與人數,內政部國家公園署,03 入園前N月,NULL
"第1,2,9,11,13,14,17列",A1 RuleSet 期限與人數,內政部國家公園署,04 月份基準0入園1出園,NULL
"第1,2,9,11,13,14,17列",A1 RuleSet 期限與人數,內政部國家公園署,05 非雪季一般_下限,NULL
"第1,2,9,11,13,14,17列",A1 RuleSet 期限與人數,內政部國家公園署,06 非雪季一般_上限,NULL
"第1,2,9,11,13,14,17列",A1 RuleSet 期限與人數,內政部國家公園署,07 非雪季長程_下限,NULL
"第1,2,9,11,13,14,17列",A1 RuleSet 期限與人數,內政部國家公園署,08 非雪季長程_上限,NULL
"第1,2,9,11,13,14,17列",A1 RuleSet 期限與人數,內政部國家公園署,09 雪季一般_下限,NULL
"第1,2,9,11,13,14,17列",A1 RuleSet 期限與人數,內政部國家公園署,10 雪季一般_上限,NULL
"第1,2,9,11,13,14,17列",A1 RuleSet 期限與人數,內政部國家公園署,11 雪季長程_下限,NULL
"第1,2,9,11,13,14,17列",A1 RuleSet 期限與人數,內政部國家公園署,12 雪季長程_上限,NULL
"第1,2,9,11,13,14,17列",A1 RuleSet 期限與人數,太魯閣國家公園管理處,01 入園前N天,7
"第1,2,9,11,13,14,17列",A1 RuleSet 期限與人數,太魯閣國家公園管理處,02 天數基準0入園1出園,0
"第1,2,9,11,13,14,17列",A1 RuleSet 期限與人數,太魯閣國家公園管理處,03 入園前N月,1
"第1,2,9,11,13,14,17列",A1 RuleSet 期限與人數,太魯閣國家公園管理處,04 月份基準0入園1出園,0
"第1,2,9,11,13,14,17列",A1 RuleSet 期限與人數,太魯閣國家公園管理處,05 非雪季一般_下限,1
"第1,2,9,11,13,14,17列",A1 RuleSet 期限與人數,太魯閣國家公園管理處,06 非雪季一般_上限,12
"第1,2,9,11,13,14,17列",A1 RuleSet 期限與人數,太魯閣國家公園管理處,07 非雪季長程_下限,1
"第1,2,9,11,13,14,17列",A1 RuleSet 期限與人數,太魯閣國家公園管理處,08 非雪季長程_上限,12
"第1,2,9,11,13,14,17列",A1 RuleSet 期限與人數,太魯閣國家公園管理處,09 雪季一般_下限,1
"第1,2,9,11,13,14,17列",A1 RuleSet 期限與人數,太魯閣國家公園管理處,10 雪季一般_上限,12
"第1,2,9,11,13,14,17列",A1 RuleSet 期限與人數,太魯閣國家公園管理處,11 雪季長程_下限,1
"第1,2,9,11,13,14,17列",A1 RuleSet 期限與人數,太魯閣國家公園管理處,12 雪季長程_上限,12
"第1,2,9,11,13,14,17列",A1 RuleSet 期限與人數,玉山國家公園管理處,01 入園前N天,5
"第1,2,9,11,13,14,17列",A1 RuleSet 期限與人數,玉山國家公園管理處,02 天數基準0入園1出園,0
"第1,2,9,11,13,14,17列",A1 RuleSet 期限與人數,玉山國家公園管理處,03 入園前N月,2
"第1,2,9,11,13,14,17列",A1 RuleSet 期限與人數,玉山國家公園管理處,04 月份基準0入園1出園,0
"第1,2,9,11,13,14,17列",A1 RuleSet 期限與人數,玉山國家公園管理處,05 非雪季一般_下限,1
"第1,2,9,11,13,14,17列",A1 RuleSet 期限與人數,玉山國家公園管理處,06 非雪季一般_上限,12
"第1,2,9,11,13,14,17列",A1 RuleSet 期限與人數,玉山國家公園管理處,07 非雪季長程_下限,1
"第1,2,9,11,13,14,17列",A1 RuleSet 期限與人數,玉山國家公園管理處,08 非雪季長程_上限,12
"第1,2,9,11,13,14,17列",A1 RuleSet 期限與人數,玉山國家公園管理處,09 雪季一般_下限,1
"第1,2,9,11,13,14,17列",A1 RuleSet 期限與人數,玉山國家公園管理處,10 雪季一般_上限,12
"第1,2,9,11,13,14,17列",A1 RuleSet 期限與人數,玉山國家公園管理處,11 雪季長程_下限,1
"第1,2,9,11,13,14,17列",A1 RuleSet 期限與人數,玉山國家公園管理處,12 雪季長程_上限,12
"第1,2,9,11,13,14,17列",A1 RuleSet 期限與人數,自然保留區,01 入園前N天,NULL
"第1,2,9,11,13,14,17列",A1 RuleSet 期限與人數,自然保留區,02 天數基準0入園1出園,NULL
"第1,2,9,11,13,14,17列",A1 RuleSet 期限與人數,自然保留區,03 入園前N月,NULL
"第1,2,9,11,13,14,17列",A1 RuleSet 期限與人數,自然保留區,04 月份基準0入園1出園,NULL
"第1,2,9,11,13,14,17列",A1 RuleSet 期限與人數,自然保留區,05 非雪季一般_下限,NULL
"第1,2,9,11,13,14,17列",A1 RuleSet 期限與人數,自然保留區,06 非雪季一般_上限,NULL
"第1,2,9,11,13,14,17列",A1 RuleSet 期限與人數,自然保留區,07 非雪季長程_下限,NULL
"第1,2,9,11,13,14,17列",A1 RuleSet 期限與人數,自然保留區,08 非雪季長程_上限,NULL
"第1,2,9,11,13,14,17列",A1 RuleSet 期限與人數,自然保留區,09 雪季一般_下限,NULL
"第1,2,9,11,13,14,17列",A1 RuleSet 期限與人數,自然保留區,10 雪季一般_上限,NULL
"第1,2,9,11,13,14,17列",A1 RuleSet 期限與人數,自然保留區,11 雪季長程_下限,NULL
"第1,2,9,11,13,14,17列",A1 RuleSet 期限與人數,自然保留區,12 雪季長程_上限,NULL
"第1,2,9,11,13,14,17列",A1 RuleSet 期限與人數,自然保護區,01 入園前N天,NULL
"第1,2,9,11,13,14,17列",A1 RuleSet 期限與人數,自然保護區,02 天數基準0入園1出園,NULL
"第1,2,9,11,13,14,17列",A1 RuleSet 期限與人數,自然保護區,03 入園前N月,NULL
"第1,2,9,11,13,14,17列",A1 RuleSet 期限與人數,自然保護區,04 月份基準0入園1出園,NULL
"第1,2,9,11,13,14,17列",A1 RuleSet 期限與人數,自然保護區,05 非雪季一般_下限,NULL
"第1,2,9,11,13,14,17列",A1 RuleSet 期限與人數,自然保護區,06 非雪季一般_上限,NULL
"第1,2,9,11,13,14,17列",A1 RuleSet 期限與人數,自然保護區,07 非雪季長程_下限,NULL
"第1,2,9,11,13,14,17列",A1 RuleSet 期限與人數,自然保護區,08 非雪季長程_上限,NULL
"第1,2,9,11,13,14,17列",A1 RuleSet 期限與人數,自然保護區,09 雪季一般_下限,NULL
"第1,2,9,11,13,14,17列",A1 RuleSet 期限與人數,自然保護區,10 雪季一般_上限,NULL
"第1,2,9,11,13,14,17列",A1 RuleSet 期限與人數,自然保護區,11 雪季長程_下限,NULL
"第1,2,9,11,13,14,17列",A1 RuleSet 期限與人數,自然保護區,12 雪季長程_上限,NULL
"第1,2,9,11,13,14,17列",A1 RuleSet 期限與人數,國家步道(山屋/營地),01 入園前N天,NULL
"第1,2,9,11,13,14,17列",A1 RuleSet 期限與人數,國家步道(山屋/營地),02 天數基準0入園1出園,NULL
"第1,2,9,11,13,14,17列",A1 RuleSet 期限與人數,國家步道(山屋/營地),03 入園前N月,NULL
"第1,2,9,11,13,14,17列",A1 RuleSet 期限與人數,國家步道(山屋/營地),04 月份基準0入園1出園,NULL
"第1,2,9,11,13,14,17列",A1 RuleSet 期限與人數,國家步道(山屋/營地),05 非雪季一般_下限,NULL
"第1,2,9,11,13,14,17列",A1 RuleSet 期限與人數,國家步道(山屋/營地),06 非雪季一般_上限,NULL
"第1,2,9,11,13,14,17列",A1 RuleSet 期限與人數,國家步道(山屋/營地),07 非雪季長程_下限,NULL
"第1,2,9,11,13,14,17列",A1 RuleSet 期限與人數,國家步道(山屋/營地),08 非雪季長程_上限,NULL
"第1,2,9,11,13,14,17列",A1 RuleSet 期限與人數,國家步道(山屋/營地),09 雪季一般_下限,NULL
"第1,2,9,11,13,14,17列",A1 RuleSet 期限與人數,國家步道(山屋/營地),10 雪季一般_上限,NULL
"第1,2,9,11,13,14,17列",A1 RuleSet 期限與人數,國家步道(山屋/營地),11 雪季長程_下限,NULL
"第1,2,9,11,13,14,17列",A1 RuleSet 期限與人數,國家步道(山屋/營地),12 雪季長程_上限,NULL
"第1,2,9,11,13,14,17列",A1 RuleSet 期限與人數,野生動物保護區,01 入園前N天,NULL
"第1,2,9,11,13,14,17列",A1 RuleSet 期限與人數,野生動物保護區,02 天數基準0入園1出園,NULL
"第1,2,9,11,13,14,17列",A1 RuleSet 期限與人數,野生動物保護區,03 入園前N月,NULL
"第1,2,9,11,13,14,17列",A1 RuleSet 期限與人數,野生動物保護區,04 月份基準0入園1出園,NULL
"第1,2,9,11,13,14,17列",A1 RuleSet 期限與人數,野生動物保護區,05 非雪季一般_下限,NULL
"第1,2,9,11,13,14,17列",A1 RuleSet 期限與人數,野生動物保護區,06 非雪季一般_上限,NULL
"第1,2,9,11,13,14,17列",A1 RuleSet 期限與人數,野生動物保護區,07 非雪季長程_下限,NULL
"第1,2,9,11,13,14,17列",A1 RuleSet 期限與人數,野生動物保護區,08 非雪季長程_上限,NULL
"第1,2,9,11,13,14,17列",A1 RuleSet 期限與人數,野生動物保護區,09 雪季一般_下限,NULL
"第1,2,9,11,13,14,17列",A1 RuleSet 期限與人數,野生動物保護區,10 雪季一般_上限,NULL
"第1,2,9,11,13,14,17列",A1 RuleSet 期限與人數,野生動物保護區,11 雪季長程_下限,NULL
"第1,2,9,11,13,14,17列",A1 RuleSet 期限與人數,野生動物保護區,12 雪季長程_上限,NULL
"第1,2,9,11,13,14,17列",A1 RuleSet 期限與人數,雪霸國家公園管理處,01 入園前N天,5
"第1,2,9,11,13,14,17列",A1 RuleSet 期限與人數,雪霸國家公園管理處,02 天數基準0入園1出園,0
"第1,2,9,11,13,14,17列",A1 RuleSet 期限與人數,雪霸國家公園管理處,03 入園前N月,2
"第1,2,9,11,13,14,17列",A1 RuleSet 期限與人數,雪霸國家公園管理處,04 月份基準0入園1出園,0
"第1,2,9,11,13,14,17列",A1 RuleSet 期限與人數,雪霸國家公園管理處,05 非雪季一般_下限,1
"第1,2,9,11,13,14,17列",A1 RuleSet 期限與人數,雪霸國家公園管理處,06 非雪季一般_上限,12
"第1,2,9,11,13,14,17列",A1 RuleSet 期限與人數,雪霸國家公園管理處,07 非雪季長程_下限,1
"第1,2,9,11,13,14,17列",A1 RuleSet 期限與人數,雪霸國家公園管理處,08 非雪季長程_上限,12
"第1,2,9,11,13,14,17列",A1 RuleSet 期限與人數,雪霸國家公園管理處,09 雪季一般_下限,1
"第1,2,9,11,13,14,17列",A1 RuleSet 期限與人數,雪霸國家公園管理處,10 雪季一般_上限,6
"第1,2,9,11,13,14,17列",A1 RuleSet 期限與人數,雪霸國家公園管理處,11 雪季長程_下限,1
"第1,2,9,11,13,14,17列",A1 RuleSet 期限與人數,雪霸國家公園管理處,12 雪季長程_上限,6
"第1,2,9,11,13,14,17列",A1 RuleSet 期限與人數,警政署入山,01 入園前N天,NULL
"第1,2,9,11,13,14,17列",A1 RuleSet 期限與人數,警政署入山,02 天數基準0入園1出園,NULL
"第1,2,9,11,13,14,17列",A1 RuleSet 期限與人數,警政署入山,03 入園前N月,NULL
"第1,2,9,11,13,14,17列",A1 RuleSet 期限與人數,警政署入山,04 月份基準0入園1出園,NULL
"第1,2,9,11,13,14,17列",A1 RuleSet 期限與人數,警政署入山,05 非雪季一般_下限,NULL
"第1,2,9,11,13,14,17列",A1 RuleSet 期限與人數,警政署入山,06 非雪季一般_上限,NULL
"第1,2,9,11,13,14,17列",A1 RuleSet 期限與人數,警政署入山,07 非雪季長程_下限,NULL
"第1,2,9,11,13,14,17列",A1 RuleSet 期限與人數,警政署入山,08 非雪季長程_上限,NULL
"第1,2,9,11,13,14,17列",A1 RuleSet 期限與人數,警政署入山,09 雪季一般_下限,NULL
"第1,2,9,11,13,14,17列",A1 RuleSet 期限與人數,警政署入山,10 雪季一般_上限,NULL
"第1,2,9,11,13,14,17列",A1 RuleSet 期限與人數,警政署入山,11 雪季長程_下限,NULL
"第1,2,9,11,13,14,17列",A1 RuleSet 期限與人數,警政署入山,12 雪季長程_上限,NULL
第20列,B8 機關名稱分派(並排),內政部國家公園署,01 機關id,6B2C354C-98E1-4FE6-A065-CBB039E588C4
第20列,B8 機關名稱分派(並排),內政部國家公園署,02 簡稱,國家公園署
第20列,B8 機關名稱分派(並排),內政部國家公園署,03 apply_1_2分派結果,未命中→彈回 apply_1.aspx
第20列,B8 機關名稱分派(並排),太魯閣國家公園管理處,01 機關id,105E956F-D8DA-49F7-A9B7-3AEFDDA88A12
第20列,B8 機關名稱分派(並排),太魯閣國家公園管理處,02 簡稱,太管處
第20列,B8 機關名稱分派(並排),太魯閣國家公園管理處,03 apply_1_2分派結果,命中→apply_1_5
第20列,B8 機關名稱分派(並排),玉山國家公園管理處,01 機關id,C951CDCD-B75A-46B9-8002-8EF952EC95FD
第20列,B8 機關名稱分派(並排),玉山國家公園管理處,02 簡稱,玉管處
第20列,B8 機關名稱分派(並排),玉山國家公園管理處,03 apply_1_2分派結果,命中→apply_1_4
第20列,B8 機關名稱分派(並排),自然保留區,01 機關id,7D0ED03D-E3FF-4482-8254-96F6434F5A85
第20列,B8 機關名稱分派(並排),自然保留區,02 簡稱,自然保留區
第20列,B8 機關名稱分派(並排),自然保留區,03 apply_1_2分派結果,未命中→彈回 apply_1.aspx
第20列,B8 機關名稱分派(並排),自然保護區,01 機關id,7D0ED03D-E3FF-4482-8254-96F6434F5A86
第20列,B8 機關名稱分派(並排),自然保護區,02 簡稱,自然保護區
第20列,B8 機關名稱分派(並排),自然保護區,03 apply_1_2分派結果,未命中→彈回 apply_1.aspx
第20列,B8 機關名稱分派(並排),國家步道(山屋/營地),01 機關id,84BC7D2B-AD3E-4F39-B568-A96681087F74
第20列,B8 機關名稱分派(並排),國家步道(山屋/營地),02 簡稱,國家步道(山屋/營地)
第20列,B8 機關名稱分派(並排),國家步道(山屋/營地),03 apply_1_2分派結果,未命中→彈回 apply_1.aspx
第20列,B8 機關名稱分派(並排),野生動物保護區,01 機關id,7D0ED03D-E3FF-4482-8254-96F6434F5A87
第20列,B8 機關名稱分派(並排),野生動物保護區,02 簡稱,野生動物保護區
第20列,B8 機關名稱分派(並排),野生動物保護區,03 apply_1_2分派結果,未命中→彈回 apply_1.aspx
第20列,B8 機關名稱分派(並排),雪霸國家公園管理處,01 機關id,E6DD4652-2D37-4346-8F5D-6E538353E0C2
第20列,B8 機關名稱分派(並排),雪霸國家公園管理處,02 簡稱,雪管處
第20列,B8 機關名稱分派(並排),雪霸國家公園管理處,03 apply_1_2分派結果,命中→apply_1_3
第20列,B8 機關名稱分派(並排),警政署入山,01 機關id,8F7C09DC-AFEB-4708-A7BB-B20DA2A24648
第20列,B8 機關名稱分派(並排),警政署入山,02 簡稱,警政署入山
第20列,B8 機關名稱分派(並排),警政署入山,03 apply_1_2分派結果,未命中→彈回 apply_1.aspx
"第22,23列",A7 ApplyBanTimeMuti 抽籤時段,時段 09:00-10:00,01 套用抽籤日數,349
"第22,23列",A7 ApplyBanTimeMuti 抽籤時段,時段 09:00-10:00,02 最早抽籤日,2018-09-07
"第22,23列",A7 ApplyBanTimeMuti 抽籤時段,時段 09:00-10:00,03 最晚抽籤日,2023-12-25
"第22,23列",A7 ApplyBanTimeMuti 抽籤時段,時段 12:00-13:00,01 套用抽籤日數,285
"第22,23列",A7 ApplyBanTimeMuti 抽籤時段,時段 12:00-13:00,02 最早抽籤日,2018-09-10
"第22,23列",A7 ApplyBanTimeMuti 抽籤時段,時段 12:00-13:00,03 最晚抽籤日,2023-12-25
"第22,23列",A7 ApplyBanTimeMuti 抽籤時段,時段 13:00-16:00,01 套用抽籤日數,1
"第22,23列",A7 ApplyBanTimeMuti 抽籤時段,時段 13:00-16:00,02 最早抽籤日,2026-05-22
"第22,23列",A7 ApplyBanTimeMuti 抽籤時段,時段 13:00-16:00,03 最晚抽籤日,2026-05-22
"第22,23列",A7 ApplyBanTimeMuti 抽籤時段,時段 15:00-16:00,01 套用抽籤日數,1349
"第22,23列",A7 ApplyBanTimeMuti 抽籤時段,時段 15:00-16:00,02 最早抽籤日,2018-09-03
"第22,23列",A7 ApplyBanTimeMuti 抽籤時段,時段 15:00-16:00,03 最晚抽籤日,2026-06-22
"第22,23列",A7 ApplyBanTimeMuti 抽籤時段,時段 15:00-17:00,01 套用抽籤日數,1
"第22,23列",A7 ApplyBanTimeMuti 抽籤時段,時段 15:00-17:00,02 最早抽籤日,2018-09-20
"第22,23列",A7 ApplyBanTimeMuti 抽籤時段,時段 15:00-17:00,03 最晚抽籤日,2018-09-20
第25列,B5 applylist status分佈(並排),(查無機關),status=6 筆數,1
第25列,B5 applylist status分佈(並排),太魯閣國家公園管理處,status=0 筆數,990
第25列,B5 applylist status分佈(並排),太魯閣國家公園管理處,status=13 筆數,222
第25列,B5 applylist status分佈(並排),太魯閣國家公園管理處,status=14 筆數,40
第25列,B5 applylist status分佈(並排),太魯閣國家公園管理處,status=16 筆數,500
第25列,B5 applylist status分佈(並排),太魯閣國家公園管理處,status=4 筆數,187655
第25列,B5 applylist status分佈(並排),太魯閣國家公園管理處,status=5 筆數,33415
第25列,B5 applylist status分佈(並排),太魯閣國家公園管理處,status=6 筆數,272
第25列,B5 applylist status分佈(並排),太魯閣國家公園管理處,status=7 筆數,142
第25列,B5 applylist status分佈(並排),太魯閣國家公園管理處,status=8 筆數,127087
第25列,B5 applylist status分佈(並排),玉山國家公園管理處,status=0 筆數,85
第25列,B5 applylist status分佈(並排),玉山國家公園管理處,status=1 筆數,10
第25列,B5 applylist status分佈(並排),玉山國家公園管理處,status=10 筆數,1
第25列,B5 applylist status分佈(並排),玉山國家公園管理處,status=11 筆數,4
第25列,B5 applylist status分佈(並排),玉山國家公園管理處,status=12 筆數,1
第25列,B5 applylist status分佈(並排),玉山國家公園管理處,status=13 筆數,8985
第25列,B5 applylist status分佈(並排),玉山國家公園管理處,status=17 筆數,11
第25列,B5 applylist status分佈(並排),玉山國家公園管理處,status=3 筆數,444
第25列,B5 applylist status分佈(並排),玉山國家公園管理處,status=4 筆數,110173
第25列,B5 applylist status分佈(並排),玉山國家公園管理處,status=5 筆數,448549
第25列,B5 applylist status分佈(並排),玉山國家公園管理處,status=6 筆數,669
第25列,B5 applylist status分佈(並排),玉山國家公園管理處,status=7 筆數,455
第25列,B5 applylist status分佈(並排),玉山國家公園管理處,status=8 筆數,141985
第25列,B5 applylist status分佈(並排),玉山國家公園管理處,status=9 筆數,104
第25列,B5 applylist status分佈(並排),自然保留區,status=(NULL) 筆數,3
第25列,B5 applylist status分佈(並排),國家步道(山屋/營地),status=(NULL) 筆數,11
第25列,B5 applylist status分佈(並排),雪霸國家公園管理處,status=0 筆數,535
第25列,B5 applylist status分佈(並排),雪霸國家公園管理處,status=1 筆數,71
第25列,B5 applylist status分佈(並排),雪霸國家公園管理處,status=3 筆數,361
第25列,B5 applylist status分佈(並排),雪霸國家公園管理處,status=4 筆數,202366
第25列,B5 applylist status分佈(並排),雪霸國家公園管理處,status=5 筆數,59140
第25列,B5 applylist status分佈(並排),雪霸國家公園管理處,status=8 筆數,182172
第25列,B5 applylist status分佈(並排),警政署入山,status=(NULL) 筆數,5
第26列,A9 applylist 名額與遞補順位,(查無機關),status=6 backNum=(NULL) 筆數,1
第26列,A9 applylist 名額與遞補順位,太魯閣國家公園管理處,status=0 backNum=(NULL) 筆數,990
第26列,A9 applylist 名額與遞補順位,太魯閣國家公園管理處,status=13 backNum=(NULL) 筆數,222
第26列,A9 applylist 名額與遞補順位,太魯閣國家公園管理處,status=14 backNum=(NULL) 筆數,40
第26列,A9 applylist 名額與遞補順位,太魯閣國家公園管理處,status=16 backNum=(NULL) 筆數,500
第26列,A9 applylist 名額與遞補順位,太魯閣國家公園管理處,status=4 backNum=(NULL) 筆數,187655
第26列,A9 applylist 名額與遞補順位,太魯閣國家公園管理處,status=5 backNum=(NULL) 筆數,33415
第26列,A9 applylist 名額與遞補順位,太魯閣國家公園管理處,status=6 backNum=(NULL) 筆數,272
第26列,A9 applylist 名額與遞補順位,太魯閣國家公園管理處,status=7 backNum=(NULL) 筆數,142
第26列,A9 applylist 名額與遞補順位,太魯閣國家公園管理處,status=8 backNum=(NULL) 筆數,127087
第26列,A9 applylist 名額與遞補順位,玉山國家公園管理處,status=0 backNum=(NULL) 筆數,85
第26列,A9 applylist 名額與遞補順位,玉山國家公園管理處,status=1 backNum=(NULL) 筆數,6
第26列,A9 applylist 名額與遞補順位,玉山國家公園管理處,status=1 backNum=0 筆數,4
第26列,A9 applylist 名額與遞補順位,玉山國家公園管理處,status=10 backNum=(NULL) 筆數,1
第26列,A9 applylist 名額與遞補順位,玉山國家公園管理處,status=11 backNum=0 筆數,4
第26列,A9 applylist 名額與遞補順位,玉山國家公園管理處,status=12 backNum=(NULL) 筆數,1
第26列,A9 applylist 名額與遞補順位,玉山國家公園管理處,status=13 backNum=(NULL) 筆數,8985
第26列,A9 applylist 名額與遞補順位,玉山國家公園管理處,status=17 backNum=(NULL) 筆數,11
第26列,A9 applylist 名額與遞補順位,玉山國家公園管理處,status=3 backNum=(NULL) 筆數,444
第26列,A9 applylist 名額與遞補順位,玉山國家公園管理處,status=4 backNum=(NULL) 筆數,58251
第26列,A9 applylist 名額與遞補順位,玉山國家公園管理處,status=4 backNum=0 筆數,51922
第26列,A9 applylist 名額與遞補順位,玉山國家公園管理處,status=5 backNum=(NULL) 筆數,448518
第26列,A9 applylist 名額與遞補順位,玉山國家公園管理處,status=5 backNum=0 筆數,27
第26列,A9 applylist 名額與遞補順位,玉山國家公園管理處,status=5 backNum=2 筆數,1
第26列,A9 applylist 名額與遞補順位,玉山國家公園管理處,status=5 backNum=3 筆數,1
第26列,A9 applylist 名額與遞補順位,玉山國家公園管理處,status=5 backNum=4 筆數,1
第26列,A9 applylist 名額與遞補順位,玉山國家公園管理處,status=5 backNum=5 筆數,1
第26列,A9 applylist 名額與遞補順位,玉山國家公園管理處,status=6 backNum=(NULL) 筆數,669
第26列,A9 applylist 名額與遞補順位,玉山國家公園管理處,status=7 backNum=(NULL) 筆數,2
第26列,A9 applylist 名額與遞補順位,玉山國家公園管理處,status=7 backNum=0 筆數,131
第26列,A9 applylist 名額與遞補順位,玉山國家公園管理處,status=7 backNum=1 筆數,5
第26列,A9 applylist 名額與遞補順位,玉山國家公園管理處,status=7 backNum=10 筆數,10
第26列,A9 applylist 名額與遞補順位,玉山國家公園管理處,status=7 backNum=11 筆數,10
第26列,A9 applylist 名額與遞補順位,玉山國家公園管理處,status=7 backNum=12 筆數,10
第26列,A9 applylist 名額與遞補順位,玉山國家公園管理處,status=7 backNum=13 筆數,11
第26列,A9 applylist 名額與遞補順位,玉山國家公園管理處,status=7 backNum=14 筆數,11
第26列,A9 applylist 名額與遞補順位,玉山國家公園管理處,status=7 backNum=15 筆數,8
第26列,A9 applylist 名額與遞補順位,玉山國家公園管理處,status=7 backNum=16 筆數,11
第26列,A9 applylist 名額與遞補順位,玉山國家公園管理處,status=7 backNum=17 筆數,11
第26列,A9 applylist 名額與遞補順位,玉山國家公園管理處,status=7 backNum=18 筆數,10
第26列,A9 applylist 名額與遞補順位,玉山國家公園管理處,status=7 backNum=19 筆數,10
第26列,A9 applylist 名額與遞補順位,玉山國家公園管理處,status=7 backNum=2 筆數,12
第26列,A9 applylist 名額與遞補順位,玉山國家公園管理處,status=7 backNum=20 筆數,9
第26列,A9 applylist 名額與遞補順位,玉山國家公園管理處,status=7 backNum=21 筆數,9
第26列,A9 applylist 名額與遞補順位,玉山國家公園管理處,status=7 backNum=22 筆數,8
第26列,A9 applylist 名額與遞補順位,玉山國家公園管理處,status=7 backNum=23 筆數,8
第26列,A9 applylist 名額與遞補順位,玉山國家公園管理處,status=7 backNum=24 筆數,7
第26列,A9 applylist 名額與遞補順位,玉山國家公園管理處,status=7 backNum=25 筆數,8
第26列,A9 applylist 名額與遞補順位,玉山國家公園管理處,status=7 backNum=26 筆數,6
第26列,A9 applylist 名額與遞補順位,玉山國家公園管理處,status=7 backNum=27 筆數,6
第26列,A9 applylist 名額與遞補順位,玉山國家公園管理處,status=7 backNum=28 筆數,5
第26列,A9 applylist 名額與遞補順位,玉山國家公園管理處,status=7 backNum=29 筆數,5
第26列,A9 applylist 名額與遞補順位,玉山國家公園管理處,status=7 backNum=3 筆數,13
第26列,A9 applylist 名額與遞補順位,玉山國家公園管理處,status=7 backNum=30 筆數,5
第26列,A9 applylist 名額與遞補順位,玉山國家公園管理處,status=7 backNum=31 筆數,5
第26列,A9 applylist 名額與遞補順位,玉山國家公園管理處,status=7 backNum=32 筆數,4
第26列,A9 applylist 名額與遞補順位,玉山國家公園管理處,status=7 backNum=33 筆數,4
第26列,A9 applylist 名額與遞補順位,玉山國家公園管理處,status=7 backNum=34 筆數,4
第26列,A9 applylist 名額與遞補順位,玉山國家公園管理處,status=7 backNum=35 筆數,2
第26列,A9 applylist 名額與遞補順位,玉山國家公園管理處,status=7 backNum=36 筆數,1
第26列,A9 applylist 名額與遞補順位,玉山國家公園管理處,status=7 backNum=37 筆數,1
第26列,A9 applylist 名額與遞補順位,玉山國家公園管理處,status=7 backNum=38 筆數,1
第26列,A9 applylist 名額與遞補順位,玉山國家公園管理處,status=7 backNum=4 筆數,13
第26列,A9 applylist 名額與遞補順位,玉山國家公園管理處,status=7 backNum=40 筆數,1
第26列,A9 applylist 名額與遞補順位,玉山國家公園管理處,status=7 backNum=41 筆數,1
第26列,A9 applylist 名額與遞補順位,玉山國家公園管理處,status=7 backNum=42 筆數,1
第26列,A9 applylist 名額與遞補順位,玉山國家公園管理處,status=7 backNum=43 筆數,1
第26列,A9 applylist 名額與遞補順位,玉山國家公園管理處,status=7 backNum=44 筆數,1
第26列,A9 applylist 名額與遞補順位,玉山國家公園管理處,status=7 backNum=45 筆數,1
第26列,A9 applylist 名額與遞補順位,玉山國家公園管理處,status=7 backNum=46 筆數,1
第26列,A9 applylist 名額與遞補順位,玉山國家公園管理處,status=7 backNum=47 筆數,1
第26列,A9 applylist 名額與遞補順位,玉山國家公園管理處,status=7 backNum=48 筆數,1
第26列,A9 applylist 名額與遞補順位,玉山國家公園管理處,status=7 backNum=49 筆數,1
第26列,A9 applylist 名額與遞補順位,玉山國家公園管理處,status=7 backNum=5 筆數,13
第26列,A9 applylist 名額與遞補順位,玉山國家公園管理處,status=7 backNum=50 筆數,1
第26列,A9 applylist 名額與遞補順位,玉山國家公園管理處,status=7 backNum=51 筆數,1
第26列,A9 applylist 名額與遞補順位,玉山國家公園管理處,status=7 backNum=6 筆數,14
第26列,A9 applylist 名額與遞補順位,玉山國家公園管理處,status=7 backNum=7 筆數,14
第26列,A9 applylist 名額與遞補順位,玉山國家公園管理處,status=7 backNum=8 筆數,13
第26列,A9 applylist 名額與遞補順位,玉山國家公園管理處,status=7 backNum=9 筆數,13
第26列,A9 applylist 名額與遞補順位,玉山國家公園管理處,status=8 backNum=(NULL) 筆數,141981
第26列,A9 applylist 名額與遞補順位,玉山國家公園管理處,status=8 backNum=0 筆數,3
第26列,A9 applylist 名額與遞補順位,玉山國家公園管理處,status=8 backNum=1 筆數,1
第26列,A9 applylist 名額與遞補順位,玉山國家公園管理處,status=9 backNum=(NULL) 筆數,104
第26列,A9 applylist 名額與遞補順位,自然保留區,status=(NULL) backNum=(NULL) 筆數,3
第26列,A9 applylist 名額與遞補順位,國家步道(山屋/營地),status=(NULL) backNum=(NULL) 筆數,11
第26列,A9 applylist 名額與遞補順位,雪霸國家公園管理處,status=0 backNum=(NULL) 筆數,535
第26列,A9 applylist 名額與遞補順位,雪霸國家公園管理處,status=1 backNum=(NULL) 筆數,71
第26列,A9 applylist 名額與遞補順位,雪霸國家公園管理處,status=3 backNum=(NULL) 筆數,361
第26列,A9 applylist 名額與遞補順位,雪霸國家公園管理處,status=4 backNum=(NULL) 筆數,202366
第26列,A9 applylist 名額與遞補順位,雪霸國家公園管理處,status=5 backNum=(NULL) 筆數,59140
第26列,A9 applylist 名額與遞補順位,雪霸國家公園管理處,status=8 backNum=(NULL) 筆數,182172
第26列,A9 applylist 名額與遞補順位,警政署入山,status=(NULL) backNum=(NULL) 筆數,5
"第42,44,46列",A8 tb_Blacklist 停權彙總,太魯閣國家公園管理處 [OrgID原始值=105e956f-d8da-49f7-a9b7-3aefdda88a12] / IrrType=A,01 停權筆數,36
"第42,44,46列",A8 tb_Blacklist 停權彙總,太魯閣國家公園管理處 [OrgID原始值=105e956f-d8da-49f7-a9b7-3aefdda88a12] / IrrType=A,02 最早停權起日,2017-06-02
"第42,44,46列",A8 tb_Blacklist 停權彙總,太魯閣國家公園管理處 [OrgID原始值=105e956f-d8da-49f7-a9b7-3aefdda88a12] / IrrType=A,03 最晚停權迄日,2022-09-20
"第42,44,46列",A8 tb_Blacklist 停權彙總,太魯閣國家公園管理處 [OrgID原始值=105e956f-d8da-49f7-a9b7-3aefdda88a12] / IrrType=A,04 最短停權天數,364
"第42,44,46列",A8 tb_Blacklist 停權彙總,太魯閣國家公園管理處 [OrgID原始值=105e956f-d8da-49f7-a9b7-3aefdda88a12] / IrrType=A,05 最長停權天數,365
"第42,44,46列",A8 tb_Blacklist 停權彙總,太魯閣國家公園管理處 [OrgID原始值=105e956f-d8da-49f7-a9b7-3aefdda88a12] / IrrType=A,06 違規點數最小,3
"第42,44,46列",A8 tb_Blacklist 停權彙總,太魯閣國家公園管理處 [OrgID原始值=105e956f-d8da-49f7-a9b7-3aefdda88a12] / IrrType=A,07 違規點數最大,3
"第42,44,46列",A8 tb_Blacklist 停權彙總,太魯閣國家公園管理處 [OrgID原始值=105e956f-d8da-49f7-a9b7-3aefdda88a12] / IrrType=B,01 停權筆數,1876
"第42,44,46列",A8 tb_Blacklist 停權彙總,太魯閣國家公園管理處 [OrgID原始值=105e956f-d8da-49f7-a9b7-3aefdda88a12] / IrrType=B,02 最早停權起日,2016-06-19
"第42,44,46列",A8 tb_Blacklist 停權彙總,太魯閣國家公園管理處 [OrgID原始值=105e956f-d8da-49f7-a9b7-3aefdda88a12] / IrrType=B,03 最晚停權迄日,2021-11-23
"第42,44,46列",A8 tb_Blacklist 停權彙總,太魯閣國家公園管理處 [OrgID原始值=105e956f-d8da-49f7-a9b7-3aefdda88a12] / IrrType=B,04 最短停權天數,0
"第42,44,46列",A8 tb_Blacklist 停權彙總,太魯閣國家公園管理處 [OrgID原始值=105e956f-d8da-49f7-a9b7-3aefdda88a12] / IrrType=B,05 最長停權天數,365
"第42,44,46列",A8 tb_Blacklist 停權彙總,太魯閣國家公園管理處 [OrgID原始值=105e956f-d8da-49f7-a9b7-3aefdda88a12] / IrrType=B,06 違規點數最小,1
"第42,44,46列",A8 tb_Blacklist 停權彙總,太魯閣國家公園管理處 [OrgID原始值=105e956f-d8da-49f7-a9b7-3aefdda88a12] / IrrType=B,07 違規點數最大,3
"第42,44,46列",A8 tb_Blacklist 停權彙總,太魯閣國家公園管理處 [OrgID原始值=105e956f-d8da-49f7-a9b7-3aefdda88a12] / IrrType=D,01 停權筆數,2508
"第42,44,46列",A8 tb_Blacklist 停權彙總,太魯閣國家公園管理處 [OrgID原始值=105e956f-d8da-49f7-a9b7-3aefdda88a12] / IrrType=D,02 最早停權起日,2021-08-10
"第42,44,46列",A8 tb_Blacklist 停權彙總,太魯閣國家公園管理處 [OrgID原始值=105e956f-d8da-49f7-a9b7-3aefdda88a12] / IrrType=D,03 最晚停權迄日,2024-05-06
"第42,44,46列",A8 tb_Blacklist 停權彙總,太魯閣國家公園管理處 [OrgID原始值=105e956f-d8da-49f7-a9b7-3aefdda88a12] / IrrType=D,04 最短停權天數,-1
"第42,44,46列",A8 tb_Blacklist 停權彙總,太魯閣國家公園管理處 [OrgID原始值=105e956f-d8da-49f7-a9b7-3aefdda88a12] / IrrType=D,05 最長停權天數,183
"第42,44,46列",A8 tb_Blacklist 停權彙總,太魯閣國家公園管理處 [OrgID原始值=105e956f-d8da-49f7-a9b7-3aefdda88a12] / IrrType=D,06 違規點數最小,NULL
"第42,44,46列",A8 tb_Blacklist 停權彙總,太魯閣國家公園管理處 [OrgID原始值=105e956f-d8da-49f7-a9b7-3aefdda88a12] / IrrType=D,07 違規點數最大,NULL
"第42,44,46列",A8 tb_Blacklist 停權彙總,太魯閣國家公園管理處 [OrgID原始值=105e956f-d8da-49f7-a9b7-3aefdda88a12] / IrrType=E,01 停權筆數,8
"第42,44,46列",A8 tb_Blacklist 停權彙總,太魯閣國家公園管理處 [OrgID原始值=105e956f-d8da-49f7-a9b7-3aefdda88a12] / IrrType=E,02 最早停權起日,2021-11-27
"第42,44,46列",A8 tb_Blacklist 停權彙總,太魯閣國家公園管理處 [OrgID原始值=105e956f-d8da-49f7-a9b7-3aefdda88a12] / IrrType=E,03 最晚停權迄日,2024-11-26
"第42,44,46列",A8 tb_Blacklist 停權彙總,太魯閣國家公園管理處 [OrgID原始值=105e956f-d8da-49f7-a9b7-3aefdda88a12] / IrrType=E,04 最短停權天數,364
"第42,44,46列",A8 tb_Blacklist 停權彙總,太魯閣國家公園管理處 [OrgID原始值=105e956f-d8da-49f7-a9b7-3aefdda88a12] / IrrType=E,05 最長停權天數,365
"第42,44,46列",A8 tb_Blacklist 停權彙總,太魯閣國家公園管理處 [OrgID原始值=105e956f-d8da-49f7-a9b7-3aefdda88a12] / IrrType=E,06 違規點數最小,NULL
"第42,44,46列",A8 tb_Blacklist 停權彙總,太魯閣國家公園管理處 [OrgID原始值=105e956f-d8da-49f7-a9b7-3aefdda88a12] / IrrType=E,07 違規點數最大,NULL
"第42,44,46列",A8 tb_Blacklist 停權彙總,玉山國家公園管理處 [OrgID原始值=c951cdcd-b75a-46b9-8002-8ef952ec95fd] / IrrType=A,01 停權筆數,64
"第42,44,46列",A8 tb_Blacklist 停權彙總,玉山國家公園管理處 [OrgID原始值=c951cdcd-b75a-46b9-8002-8ef952ec95fd] / IrrType=A,02 最早停權起日,2016-04-30
"第42,44,46列",A8 tb_Blacklist 停權彙總,玉山國家公園管理處 [OrgID原始值=c951cdcd-b75a-46b9-8002-8ef952ec95fd] / IrrType=A,03 最晚停權迄日,2022-09-09
"第42,44,46列",A8 tb_Blacklist 停權彙總,玉山國家公園管理處 [OrgID原始值=c951cdcd-b75a-46b9-8002-8ef952ec95fd] / IrrType=A,04 最短停權天數,0
"第42,44,46列",A8 tb_Blacklist 停權彙總,玉山國家公園管理處 [OrgID原始值=c951cdcd-b75a-46b9-8002-8ef952ec95fd] / IrrType=A,05 最長停權天數,183
"第42,44,46列",A8 tb_Blacklist 停權彙總,玉山國家公園管理處 [OrgID原始值=c951cdcd-b75a-46b9-8002-8ef952ec95fd] / IrrType=A,06 違規點數最小,NULL
"第42,44,46列",A8 tb_Blacklist 停權彙總,玉山國家公園管理處 [OrgID原始值=c951cdcd-b75a-46b9-8002-8ef952ec95fd] / IrrType=A,07 違規點數最大,NULL
"第42,44,46列",A8 tb_Blacklist 停權彙總,玉山國家公園管理處 [OrgID原始值=c951cdcd-b75a-46b9-8002-8ef952ec95fd] / IrrType=B,01 停權筆數,1213
"第42,44,46列",A8 tb_Blacklist 停權彙總,玉山國家公園管理處 [OrgID原始值=c951cdcd-b75a-46b9-8002-8ef952ec95fd] / IrrType=B,02 最早停權起日,2014-02-10
"第42,44,46列",A8 tb_Blacklist 停權彙總,玉山國家公園管理處 [OrgID原始值=c951cdcd-b75a-46b9-8002-8ef952ec95fd] / IrrType=B,03 最晚停權迄日,2022-12-15
"第42,44,46列",A8 tb_Blacklist 停權彙總,玉山國家公園管理處 [OrgID原始值=c951cdcd-b75a-46b9-8002-8ef952ec95fd] / IrrType=B,04 最短停權天數,-30
"第42,44,46列",A8 tb_Blacklist 停權彙總,玉山國家公園管理處 [OrgID原始值=c951cdcd-b75a-46b9-8002-8ef952ec95fd] / IrrType=B,05 最長停權天數,184
"第42,44,46列",A8 tb_Blacklist 停權彙總,玉山國家公園管理處 [OrgID原始值=c951cdcd-b75a-46b9-8002-8ef952ec95fd] / IrrType=B,06 違規點數最小,NULL
"第42,44,46列",A8 tb_Blacklist 停權彙總,玉山國家公園管理處 [OrgID原始值=c951cdcd-b75a-46b9-8002-8ef952ec95fd] / IrrType=B,07 違規點數最大,NULL
"第42,44,46列",A8 tb_Blacklist 停權彙總,玉山國家公園管理處 [OrgID原始值=c951cdcd-b75a-46b9-8002-8ef952ec95fd] / IrrType=C,01 停權筆數,2533
"第42,44,46列",A8 tb_Blacklist 停權彙總,玉山國家公園管理處 [OrgID原始值=c951cdcd-b75a-46b9-8002-8ef952ec95fd] / IrrType=C,02 最早停權起日,2015-09-14
"第42,44,46列",A8 tb_Blacklist 停權彙總,玉山國家公園管理處 [OrgID原始值=c951cdcd-b75a-46b9-8002-8ef952ec95fd] / IrrType=C,03 最晚停權迄日,2026-04-16
"第42,44,46列",A8 tb_Blacklist 停權彙總,玉山國家公園管理處 [OrgID原始值=c951cdcd-b75a-46b9-8002-8ef952ec95fd] / IrrType=C,04 最短停權天數,0
"第42,44,46列",A8 tb_Blacklist 停權彙總,玉山國家公園管理處 [OrgID原始值=c951cdcd-b75a-46b9-8002-8ef952ec95fd] / IrrType=C,05 最長停權天數,366
"第42,44,46列",A8 tb_Blacklist 停權彙總,玉山國家公園管理處 [OrgID原始值=c951cdcd-b75a-46b9-8002-8ef952ec95fd] / IrrType=C,06 違規點數最小,NULL
"第42,44,46列",A8 tb_Blacklist 停權彙總,玉山國家公園管理處 [OrgID原始值=c951cdcd-b75a-46b9-8002-8ef952ec95fd] / IrrType=C,07 違規點數最大,NULL
"第42,44,46列",A8 tb_Blacklist 停權彙總,玉山國家公園管理處 [OrgID原始值=c951cdcd-b75a-46b9-8002-8ef952ec95fd] / IrrType=D,01 停權筆數,9637
"第42,44,46列",A8 tb_Blacklist 停權彙總,玉山國家公園管理處 [OrgID原始值=c951cdcd-b75a-46b9-8002-8ef952ec95fd] / IrrType=D,02 最早停權起日,2018-01-06
"第42,44,46列",A8 tb_Blacklist 停權彙總,玉山國家公園管理處 [OrgID原始值=c951cdcd-b75a-46b9-8002-8ef952ec95fd] / IrrType=D,03 最晚停權迄日,2023-06-28
"第42,44,46列",A8 tb_Blacklist 停權彙總,玉山國家公園管理處 [OrgID原始值=c951cdcd-b75a-46b9-8002-8ef952ec95fd] / IrrType=D,04 最短停權天數,-360
"第42,44,46列",A8 tb_Blacklist 停權彙總,玉山國家公園管理處 [OrgID原始值=c951cdcd-b75a-46b9-8002-8ef952ec95fd] / IrrType=D,05 最長停權天數,365
"第42,44,46列",A8 tb_Blacklist 停權彙總,玉山國家公園管理處 [OrgID原始值=c951cdcd-b75a-46b9-8002-8ef952ec95fd] / IrrType=D,06 違規點數最小,NULL
"第42,44,46列",A8 tb_Blacklist 停權彙總,玉山國家公園管理處 [OrgID原始值=c951cdcd-b75a-46b9-8002-8ef952ec95fd] / IrrType=D,07 違規點數最大,NULL
"第42,44,46列",A8 tb_Blacklist 停權彙總,玉山國家公園管理處 [OrgID原始值=c951cdcd-b75a-46b9-8002-8ef952ec95fd] / IrrType=E,01 停權筆數,96
"第42,44,46列",A8 tb_Blacklist 停權彙總,玉山國家公園管理處 [OrgID原始值=c951cdcd-b75a-46b9-8002-8ef952ec95fd] / IrrType=E,02 最早停權起日,2016-07-11
"第42,44,46列",A8 tb_Blacklist 停權彙總,玉山國家公園管理處 [OrgID原始值=c951cdcd-b75a-46b9-8002-8ef952ec95fd] / IrrType=E,03 最晚停權迄日,2023-12-09
"第42,44,46列",A8 tb_Blacklist 停權彙總,玉山國家公園管理處 [OrgID原始值=c951cdcd-b75a-46b9-8002-8ef952ec95fd] / IrrType=E,04 最短停權天數,-1
"第42,44,46列",A8 tb_Blacklist 停權彙總,玉山國家公園管理處 [OrgID原始值=c951cdcd-b75a-46b9-8002-8ef952ec95fd] / IrrType=E,05 最長停權天數,365
"第42,44,46列",A8 tb_Blacklist 停權彙總,玉山國家公園管理處 [OrgID原始值=c951cdcd-b75a-46b9-8002-8ef952ec95fd] / IrrType=E,06 違規點數最小,NULL
"第42,44,46列",A8 tb_Blacklist 停權彙總,玉山國家公園管理處 [OrgID原始值=c951cdcd-b75a-46b9-8002-8ef952ec95fd] / IrrType=E,07 違規點數最大,NULL
"第42,44,46列",A8 tb_Blacklist 停權彙總,玉山國家公園管理處 [OrgID原始值=c951cdcd-b75a-46b9-8002-8ef952ec95fd] / IrrType=F,01 停權筆數,1
"第42,44,46列",A8 tb_Blacklist 停權彙總,玉山國家公園管理處 [OrgID原始值=c951cdcd-b75a-46b9-8002-8ef952ec95fd] / IrrType=F,02 最早停權起日,2022-03-04
"第42,44,46列",A8 tb_Blacklist 停權彙總,玉山國家公園管理處 [OrgID原始值=c951cdcd-b75a-46b9-8002-8ef952ec95fd] / IrrType=F,03 最晚停權迄日,2025-03-03
"第42,44,46列",A8 tb_Blacklist 停權彙總,玉山國家公園管理處 [OrgID原始值=c951cdcd-b75a-46b9-8002-8ef952ec95fd] / IrrType=F,04 最短停權天數,1095
"第42,44,46列",A8 tb_Blacklist 停權彙總,玉山國家公園管理處 [OrgID原始值=c951cdcd-b75a-46b9-8002-8ef952ec95fd] / IrrType=F,05 最長停權天數,1095
"第42,44,46列",A8 tb_Blacklist 停權彙總,玉山國家公園管理處 [OrgID原始值=c951cdcd-b75a-46b9-8002-8ef952ec95fd] / IrrType=F,06 違規點數最小,NULL
"第42,44,46列",A8 tb_Blacklist 停權彙總,玉山國家公園管理處 [OrgID原始值=c951cdcd-b75a-46b9-8002-8ef952ec95fd] / IrrType=F,07 違規點數最大,NULL
"第42,44,46列",A8 tb_Blacklist 停權彙總,玉山國家公園管理處 [OrgID原始值=c951cdcd-b75a-46b9-8002-8ef952ec95fd] / IrrType=H,01 停權筆數,5
"第42,44,46列",A8 tb_Blacklist 停權彙總,玉山國家公園管理處 [OrgID原始值=c951cdcd-b75a-46b9-8002-8ef952ec95fd] / IrrType=H,02 最早停權起日,2023-01-26
"第42,44,46列",A8 tb_Blacklist 停權彙總,玉山國家公園管理處 [OrgID原始值=c951cdcd-b75a-46b9-8002-8ef952ec95fd] / IrrType=H,03 最晚停權迄日,2023-07-28
"第42,44,46列",A8 tb_Blacklist 停權彙總,玉山國家公園管理處 [OrgID原始值=c951cdcd-b75a-46b9-8002-8ef952ec95fd] / IrrType=H,04 最短停權天數,180
"第42,44,46列",A8 tb_Blacklist 停權彙總,玉山國家公園管理處 [OrgID原始值=c951cdcd-b75a-46b9-8002-8ef952ec95fd] / IrrType=H,05 最長停權天數,180
"第42,44,46列",A8 tb_Blacklist 停權彙總,玉山國家公園管理處 [OrgID原始值=c951cdcd-b75a-46b9-8002-8ef952ec95fd] / IrrType=H,06 違規點數最小,NULL
"第42,44,46列",A8 tb_Blacklist 停權彙總,玉山國家公園管理處 [OrgID原始值=c951cdcd-b75a-46b9-8002-8ef952ec95fd] / IrrType=H,07 違規點數最大,NULL
"第42,44,46列",A8 tb_Blacklist 停權彙總,國家步道(山屋/營地) [OrgID原始值=84bc7d2b-ad3e-4f39-b568-a96681087f74] / IrrType=K,01 停權筆數,41
"第42,44,46列",A8 tb_Blacklist 停權彙總,國家步道(山屋/營地) [OrgID原始值=84bc7d2b-ad3e-4f39-b568-a96681087f74] / IrrType=K,02 最早停權起日,2026-05-21
"第42,44,46列",A8 tb_Blacklist 停權彙總,國家步道(山屋/營地) [OrgID原始值=84bc7d2b-ad3e-4f39-b568-a96681087f74] / IrrType=K,03 最晚停權迄日,2027-02-06
"第42,44,46列",A8 tb_Blacklist 停權彙總,國家步道(山屋/營地) [OrgID原始值=84bc7d2b-ad3e-4f39-b568-a96681087f74] / IrrType=K,04 最短停權天數,183
"第42,44,46列",A8 tb_Blacklist 停權彙總,國家步道(山屋/營地) [OrgID原始值=84bc7d2b-ad3e-4f39-b568-a96681087f74] / IrrType=K,05 最長停權天數,183
"第42,44,46列",A8 tb_Blacklist 停權彙總,國家步道(山屋/營地) [OrgID原始值=84bc7d2b-ad3e-4f39-b568-a96681087f74] / IrrType=K,06 違規點數最小,NULL
"第42,44,46列",A8 tb_Blacklist 停權彙總,國家步道(山屋/營地) [OrgID原始值=84bc7d2b-ad3e-4f39-b568-a96681087f74] / IrrType=K,07 違規點數最大,NULL
"第42,44,46列",A8 tb_Blacklist 停權彙總,雪霸國家公園管理處 [OrgID原始值=e6dd4652-2d37-4346-8f5d-6e538353e0c2] / IrrType=A,01 停權筆數,211
"第42,44,46列",A8 tb_Blacklist 停權彙總,雪霸國家公園管理處 [OrgID原始值=e6dd4652-2d37-4346-8f5d-6e538353e0c2] / IrrType=A,02 最早停權起日,2015-11-19
"第42,44,46列",A8 tb_Blacklist 停權彙總,雪霸國家公園管理處 [OrgID原始值=e6dd4652-2d37-4346-8f5d-6e538353e0c2] / IrrType=A,03 最晚停權迄日,2026-03-21
"第42,44,46列",A8 tb_Blacklist 停權彙總,雪霸國家公園管理處 [OrgID原始值=e6dd4652-2d37-4346-8f5d-6e538353e0c2] / IrrType=A,04 最短停權天數,-1
"第42,44,46列",A8 tb_Blacklist 停權彙總,雪霸國家公園管理處 [OrgID原始值=e6dd4652-2d37-4346-8f5d-6e538353e0c2] / IrrType=A,05 最長停權天數,729
"第42,44,46列",A8 tb_Blacklist 停權彙總,雪霸國家公園管理處 [OrgID原始值=e6dd4652-2d37-4346-8f5d-6e538353e0c2] / IrrType=A,06 違規點數最小,NULL
"第42,44,46列",A8 tb_Blacklist 停權彙總,雪霸國家公園管理處 [OrgID原始值=e6dd4652-2d37-4346-8f5d-6e538353e0c2] / IrrType=A,07 違規點數最大,NULL
"第42,44,46列",A8 tb_Blacklist 停權彙總,雪霸國家公園管理處 [OrgID原始值=e6dd4652-2d37-4346-8f5d-6e538353e0c2] / IrrType=B,01 停權筆數,41
"第42,44,46列",A8 tb_Blacklist 停權彙總,雪霸國家公園管理處 [OrgID原始值=e6dd4652-2d37-4346-8f5d-6e538353e0c2] / IrrType=B,02 最早停權起日,2016-06-09
"第42,44,46列",A8 tb_Blacklist 停權彙總,雪霸國家公園管理處 [OrgID原始值=e6dd4652-2d37-4346-8f5d-6e538353e0c2] / IrrType=B,03 最晚停權迄日,2019-08-07
"第42,44,46列",A8 tb_Blacklist 停權彙總,雪霸國家公園管理處 [OrgID原始值=e6dd4652-2d37-4346-8f5d-6e538353e0c2] / IrrType=B,04 最短停權天數,180
"第42,44,46列",A8 tb_Blacklist 停權彙總,雪霸國家公園管理處 [OrgID原始值=e6dd4652-2d37-4346-8f5d-6e538353e0c2] / IrrType=B,05 最長停權天數,184
"第42,44,46列",A8 tb_Blacklist 停權彙總,雪霸國家公園管理處 [OrgID原始值=e6dd4652-2d37-4346-8f5d-6e538353e0c2] / IrrType=B,06 違規點數最小,NULL
"第42,44,46列",A8 tb_Blacklist 停權彙總,雪霸國家公園管理處 [OrgID原始值=e6dd4652-2d37-4346-8f5d-6e538353e0c2] / IrrType=B,07 違規點數最大,NULL
"第42,44,46列",A8 tb_Blacklist 停權彙總,雪霸國家公園管理處 [OrgID原始值=e6dd4652-2d37-4346-8f5d-6e538353e0c2] / IrrType=D,01 停權筆數,836
"第42,44,46列",A8 tb_Blacklist 停權彙總,雪霸國家公園管理處 [OrgID原始值=e6dd4652-2d37-4346-8f5d-6e538353e0c2] / IrrType=D,02 最早停權起日,2019-09-28
"第42,44,46列",A8 tb_Blacklist 停權彙總,雪霸國家公園管理處 [OrgID原始值=e6dd4652-2d37-4346-8f5d-6e538353e0c2] / IrrType=D,03 最晚停權迄日,2025-09-26
"第42,44,46列",A8 tb_Blacklist 停權彙總,雪霸國家公園管理處 [OrgID原始值=e6dd4652-2d37-4346-8f5d-6e538353e0c2] / IrrType=D,04 最短停權天數,12
"第42,44,46列",A8 tb_Blacklist 停權彙總,雪霸國家公園管理處 [OrgID原始值=e6dd4652-2d37-4346-8f5d-6e538353e0c2] / IrrType=D,05 最長停權天數,183
"第42,44,46列",A8 tb_Blacklist 停權彙總,雪霸國家公園管理處 [OrgID原始值=e6dd4652-2d37-4346-8f5d-6e538353e0c2] / IrrType=D,06 違規點數最小,NULL
"第42,44,46列",A8 tb_Blacklist 停權彙總,雪霸國家公園管理處 [OrgID原始值=e6dd4652-2d37-4346-8f5d-6e538353e0c2] / IrrType=D,07 違規點數最大,NULL
"第42,44,46列",A8 tb_Blacklist 停權彙總,雪霸國家公園管理處 [OrgID原始值=e6dd4652-2d37-4346-8f5d-6e538353e0c2] / IrrType=E,01 停權筆數,160
"第42,44,46列",A8 tb_Blacklist 停權彙總,雪霸國家公園管理處 [OrgID原始值=e6dd4652-2d37-4346-8f5d-6e538353e0c2] / IrrType=E,02 最早停權起日,2019-10-10
"第42,44,46列",A8 tb_Blacklist 停權彙總,雪霸國家公園管理處 [OrgID原始值=e6dd4652-2d37-4346-8f5d-6e538353e0c2] / IrrType=E,03 最晚停權迄日,2023-12-19
"第42,44,46列",A8 tb_Blacklist 停權彙總,雪霸國家公園管理處 [OrgID原始值=e6dd4652-2d37-4346-8f5d-6e538353e0c2] / IrrType=E,04 最短停權天數,364
"第42,44,46列",A8 tb_Blacklist 停權彙總,雪霸國家公園管理處 [OrgID原始值=e6dd4652-2d37-4346-8f5d-6e538353e0c2] / IrrType=E,05 最長停權天數,365
"第42,44,46列",A8 tb_Blacklist 停權彙總,雪霸國家公園管理處 [OrgID原始值=e6dd4652-2d37-4346-8f5d-6e538353e0c2] / IrrType=E,06 違規點數最小,NULL
"第42,44,46列",A8 tb_Blacklist 停權彙總,雪霸國家公園管理處 [OrgID原始值=e6dd4652-2d37-4346-8f5d-6e538353e0c2] / IrrType=E,07 違規點數最大,NULL
"第42,44,46列",A8 tb_Blacklist 停權彙總,雪霸國家公園管理處 [OrgID原始值=e6dd4652-2d37-4346-8f5d-6e538353e0c2] / IrrType=F,01 停權筆數,5
"第42,44,46列",A8 tb_Blacklist 停權彙總,雪霸國家公園管理處 [OrgID原始值=e6dd4652-2d37-4346-8f5d-6e538353e0c2] / IrrType=F,02 最早停權起日,2022-02-20
"第42,44,46列",A8 tb_Blacklist 停權彙總,雪霸國家公園管理處 [OrgID原始值=e6dd4652-2d37-4346-8f5d-6e538353e0c2] / IrrType=F,03 最晚停權迄日,2025-02-19
"第42,44,46列",A8 tb_Blacklist 停權彙總,雪霸國家公園管理處 [OrgID原始值=e6dd4652-2d37-4346-8f5d-6e538353e0c2] / IrrType=F,04 最短停權天數,1095
"第42,44,46列",A8 tb_Blacklist 停權彙總,雪霸國家公園管理處 [OrgID原始值=e6dd4652-2d37-4346-8f5d-6e538353e0c2] / IrrType=F,05 最長停權天數,1095
"第42,44,46列",A8 tb_Blacklist 停權彙總,雪霸國家公園管理處 [OrgID原始值=e6dd4652-2d37-4346-8f5d-6e538353e0c2] / IrrType=F,06 違規點數最小,NULL
"第42,44,46列",A8 tb_Blacklist 停權彙總,雪霸國家公園管理處 [OrgID原始值=e6dd4652-2d37-4346-8f5d-6e538353e0c2] / IrrType=F,07 違規點數最大,NULL
第45列,B6 tb_Blacklist 區間長度(並排),IrrType=A,01 3天(含)以內 之停權筆數(非實際漏擋數),62
第45列,B6 tb_Blacklist 區間長度(並排),IrrType=A,02 4-7天 之停權筆數(非實際漏擋數),2
第45列,B6 tb_Blacklist 區間長度(並排),IrrType=A,04 30天以上 之停權筆數(非實際漏擋數),247
第45列,B6 tb_Blacklist 區間長度(並排),IrrType=B,01 3天(含)以內 之停權筆數(非實際漏擋數),138
第45列,B6 tb_Blacklist 區間長度(並排),IrrType=B,02 4-7天 之停權筆數(非實際漏擋數),21
第45列,B6 tb_Blacklist 區間長度(並排),IrrType=B,03 8-30天 之停權筆數(非實際漏擋數),87
第45列,B6 tb_Blacklist 區間長度(並排),IrrType=B,04 30天以上 之停權筆數(非實際漏擋數),2884
第45列,B6 tb_Blacklist 區間長度(並排),IrrType=C,01 3天(含)以內 之停權筆數(非實際漏擋數),2507
第45列,B6 tb_Blacklist 區間長度(並排),IrrType=C,02 4-7天 之停權筆數(非實際漏擋數),3
第45列,B6 tb_Blacklist 區間長度(並排),IrrType=C,04 30天以上 之停權筆數(非實際漏擋數),23
第45列,B6 tb_Blacklist 區間長度(並排),IrrType=D,01 3天(含)以內 之停權筆數(非實際漏擋數),2554
第45列,B6 tb_Blacklist 區間長度(並排),IrrType=D,02 4-7天 之停權筆數(非實際漏擋數),547
第45列,B6 tb_Blacklist 區間長度(並排),IrrType=D,03 8-30天 之停權筆數(非實際漏擋數),517
第45列,B6 tb_Blacklist 區間長度(並排),IrrType=D,04 30天以上 之停權筆數(非實際漏擋數),9363
第45列,B6 tb_Blacklist 區間長度(並排),IrrType=E,01 3天(含)以內 之停權筆數(非實際漏擋數),1
第45列,B6 tb_Blacklist 區間長度(並排),IrrType=E,04 30天以上 之停權筆數(非實際漏擋數),263
第45列,B6 tb_Blacklist 區間長度(並排),IrrType=F,04 30天以上 之停權筆數(非實際漏擋數),6
第45列,B6 tb_Blacklist 區間長度(並排),IrrType=H,04 30天以上 之停權筆數(非實際漏擋數),5
第45列,B6 tb_Blacklist 區間長度(並排),IrrType=K,04 30天以上 之停權筆數(非實際漏擋數),41
第48列,A10 bedlist 床位型別,(全部),bedtype=0 床位筆數,2655
第48列,A10 bedlist 床位型別,(全部),bedtype=1 床位筆數,787
第70列,A11 applylist 領隊可否換外籍,(查無機關),changeleader=0 筆數,1
第70列,A11 applylist 領隊可否換外籍,太魯閣國家公園管理處,changeleader=0 筆數,245788
第70列,A11 applylist 領隊可否換外籍,太魯閣國家公園管理處,changeleader=1 筆數,104535
第70列,A11 applylist 領隊可否換外籍,玉山國家公園管理處,changeleader=0 筆數,711473
第70列,A11 applylist 領隊可否換外籍,玉山國家公園管理處,changeleader=1 筆數,3
第70列,A11 applylist 領隊可否換外籍,自然保留區,changeleader=0 筆數,3
第70列,A11 applylist 領隊可否換外籍,國家步道(山屋/營地),changeleader=0 筆數,11
第70列,A11 applylist 領隊可否換外籍,雪霸國家公園管理處,changeleader=0 筆數,443250
第70列,A11 applylist 領隊可否換外籍,雪霸國家公園管理處,changeleader=1 筆數,1395
第70列,A11 applylist 領隊可否換外籍,警政署入山,changeleader=0 筆數,5
第78列,A6 snowset 雪季設定,內政部國家公園署,01 雪季日期筆數,1
第78列,A6 snowset 雪季設定,內政部國家公園署,02 最早雪季日,2015-03-19
第78列,A6 snowset 雪季設定,內政部國家公園署,03 最晚雪季日,2015-03-19
第78列,A6 snowset 雪季設定,太魯閣國家公園管理處,01 雪季日期筆數,737
第78列,A6 snowset 雪季設定,太魯閣國家公園管理處,02 最早雪季日,2016-01-01
第78列,A6 snowset 雪季設定,太魯閣國家公園管理處,03 最晚雪季日,2023-03-31
第78列,A6 snowset 雪季設定,玉山國家公園管理處,01 雪季日期筆數,304
第78列,A6 snowset 雪季設定,玉山國家公園管理處,02 最早雪季日,2015-01-01
第78列,A6 snowset 雪季設定,玉山國家公園管理處,03 最晚雪季日,2025-03-31
第78列,A6 snowset 雪季設定,雪霸國家公園管理處,01 雪季日期筆數,693
第78列,A6 snowset 雪季設定,雪霸國家公園管理處,02 最早雪季日,2015-06-25
第78列,A6 snowset 雪季設定,雪霸國家公園管理處,03 最晚雪季日,2023-03-31
第79列,B2 Fixedclimbmain ord範圍(並排),玉山國家公園管理處,01 全部篩選可見,10
第79列,B2 Fixedclimbmain ord範圍(並排),玉山國家公園管理處,02 玉管處篩選可見,10
第79列,B2 Fixedclimbmain ord範圍(並排),玉山國家公園管理處,03 只在全部看得到,0
第80列,A15 Trailclassification 難度,LV=第0級 (id=1),套用路線數,2
第80列,A15 Trailclassification 難度,LV=第1級 (id=2),套用路線數,0
第80列,A15 Trailclassification 難度,LV=第2級 (id=3),套用路線數,2
第80列,A15 Trailclassification 難度,LV=第3級 (id=4),套用路線數,24
第80列,A15 Trailclassification 難度,LV=第4級 (id=5),套用路線數,29
第80列,A15 Trailclassification 難度,LV=第5級 (id=6),套用路線數,32
第80列,A15 Trailclassification 難度,LV=第6級 (id=7),套用路線數,7
第82列,B1 RuleSet 封園日(並排),內政部國家公園署,01 code是否讀取,code 不讀(走寫死且已過期的時間窗)
第82列,B1 RuleSet 封園日(並排),內政部國家公園署,02 封園起,NULL
第82列,B1 RuleSet 封園日(並排),內政部國家公園署,03 封園迄,NULL
第82列,B1 RuleSet 封園日(並排),內政部國家公園署,04 回復日,NULL
第82列,B1 RuleSet 封園日(並排),太魯閣國家公園管理處,01 code是否讀取,code 不讀(走寫死且已過期的時間窗)
第82列,B1 RuleSet 封園日(並排),太魯閣國家公園管理處,02 封園起,NULL
第82列,B1 RuleSet 封園日(並排),太魯閣國家公園管理處,03 封園迄,NULL
第82列,B1 RuleSet 封園日(並排),太魯閣國家公園管理處,04 回復日,NULL
第82列,B1 RuleSet 封園日(並排),玉山國家公園管理處,01 code是否讀取,code 不讀(走寫死且已過期的時間窗)
第82列,B1 RuleSet 封園日(並排),玉山國家公園管理處,02 封園起,2026-02-17 00:00:00
第82列,B1 RuleSet 封園日(並排),玉山國家公園管理處,03 封園迄,2026-02-23 00:00:00
第82列,B1 RuleSet 封園日(並排),玉山國家公園管理處,04 回復日,2026-02-11 09:00:00
第82列,B1 RuleSet 封園日(並排),自然保留區,01 code是否讀取,code 不讀(走寫死且已過期的時間窗)
第82列,B1 RuleSet 封園日(並排),自然保留區,02 封園起,NULL
第82列,B1 RuleSet 封園日(並排),自然保留區,03 封園迄,NULL
第82列,B1 RuleSet 封園日(並排),自然保留區,04 回復日,NULL
第82列,B1 RuleSet 封園日(並排),自然保護區,01 code是否讀取,code 不讀(走寫死且已過期的時間窗)
第82列,B1 RuleSet 封園日(並排),自然保護區,02 封園起,NULL
第82列,B1 RuleSet 封園日(並排),自然保護區,03 封園迄,NULL
第82列,B1 RuleSet 封園日(並排),自然保護區,04 回復日,NULL
第82列,B1 RuleSet 封園日(並排),國家步道(山屋/營地),01 code是否讀取,code 不讀(走寫死且已過期的時間窗)
第82列,B1 RuleSet 封園日(並排),國家步道(山屋/營地),02 封園起,NULL
第82列,B1 RuleSet 封園日(並排),國家步道(山屋/營地),03 封園迄,NULL
第82列,B1 RuleSet 封園日(並排),國家步道(山屋/營地),04 回復日,NULL
第82列,B1 RuleSet 封園日(並排),野生動物保護區,01 code是否讀取,code 不讀(走寫死且已過期的時間窗)
第82列,B1 RuleSet 封園日(並排),野生動物保護區,02 封園起,NULL
第82列,B1 RuleSet 封園日(並排),野生動物保護區,03 封園迄,NULL
第82列,B1 RuleSet 封園日(並排),野生動物保護區,04 回復日,NULL
第82列,B1 RuleSet 封園日(並排),雪霸國家公園管理處,01 code是否讀取,code 會讀 RuleSet
第82列,B1 RuleSet 封園日(並排),雪霸國家公園管理處,02 封園起,2024-02-11 00:00:00
第82列,B1 RuleSet 封園日(並排),雪霸國家公園管理處,03 封園迄,2024-02-15 00:00:00
第82列,B1 RuleSet 封園日(並排),雪霸國家公園管理處,04 回復日,2024-01-05 15:00:00
第82列,B1 RuleSet 封園日(並排),警政署入山,01 code是否讀取,code 不讀(走寫死且已過期的時間窗)
第82列,B1 RuleSet 封園日(並排),警政署入山,02 封園起,NULL
第82列,B1 RuleSet 封園日(並排),警政署入山,03 封園迄,NULL
第82列,B1 RuleSet 封園日(並排),警政署入山,04 回復日,NULL
第8列,A14 attention 同意書彙總,太魯閣國家公園管理處,01 顯示中條數,13
第8列,A14 attention 同意書彙總,太魯閣國家公園管理處,02 預設已勾選,9
第8列,A14 attention 同意書彙總,太魯閣國家公園管理處,03 使用者須自行勾選,4
第8列,A14 attention 同意書彙總,玉山國家公園管理處,01 顯示中條數,19
第8列,A14 attention 同意書彙總,玉山國家公園管理處,02 預設已勾選,15
第8列,A14 attention 同意書彙總,玉山國家公園管理處,03 使用者須自行勾選,4
第8列,A14 attention 同意書彙總,雪霸國家公園管理處,01 顯示中條數,13
第8列,A14 attention 同意書彙總,雪霸國家公園管理處,02 預設已勾選,8
第8列,A14 attention 同意書彙總,雪霸國家公園管理處,03 使用者須自行勾選,5
