表格名稱,表格描述
___filesSizeCount,NULL
AdmInMountain,NULL
APPCHGSER,序號重複變更紀錄
apply_cancellog,取消記錄時間表
apply_email,入園申請郵件通知
apply_foreign_closedate,外籍提前關閉
apply_inserr,NULL
apply_log,申請歷程記錄
apply_log_20220525,NULL
apply_log_yushan,NULL
apply_roomschedule,NULL
apply_schedule,申請入園行程資料表
apply_schedule_bak,申請入園行程資料表草稿
apply_sms,入園申請簡訊通知
apply_spnpbaklog,雪霸候補執行排程記錄
apply_teams,入園申請隊員
apply_teams_bak,入園申請隊員草稿
apply_teams_for,NULL
apply_vpitem,違規項目
apply_vplist,違規名單
ApplyBanTime,禁止申請時間(抽籤時間)
ApplyBanTimeMuti,NULL
applylist,入園申請資料表
applylist_bak,入園申請資料表草稿
applylist_files,NULL
applylist_files20220725tmp,NULL
applylist_for,NULL
applylist_lchgfiles,領隊異動檔案上傳
applylist_Y114000003,NULL
applyrefund,線上退費申請人
applyrefund_file,退費申請繳交附件
applyrefund_log,退費寄信log
applyrefund_member,退費人員
applyrefund_person,退費申請人
applyrefund_teams,申請退費隊伍資料
ApprovedTeams,核准隊伍審查一覽表
aspnet_Applications,產生最底層的資料讓資料表間能明確的被繫結
aspnet_Membership,密碼資料與密碼詢問操作相關資料
aspnet_Profile,使用者資料1
aspnet_Roles,角色資料管理
aspnet_SchemaVersions,NULL
aspnet_Users,使用者帳號相關資料
aspnet_UsersInRoles,使用者角色對應表
aspnet_WebEvent_Events,NULL
attention,注意事項資料表
Ballot,抽籤公告資料表
BallotLine,單日往返路線抽籤
BANKDATA,銀行資料
BANKSUB,分行資料表
BANKSUB_20260811B,NULL
barcode_log,NULL
Basic_ApiLog,使用紀錄查詢
BearRouteNode,黑熊保育路線
bedlist,NULL
BidRequirement,申辦規定與預知
Blacklist,停權名單
BlackSta,NULL
booking,宿營地居住資料表
booking_bak,宿營地居住資料表
booking_bed,床位資料表
booking_bed_yushan,床位營位安排(玉山)
booking_bed_yushan_2017,NULL
booking_bed_yushan_2017_2018,NULL
booking_bed_yushan_2019_2020,NULL
booking_bed_yushan_no,入園未入住
booking_bedlock,床位鎖定不分配表
booking_bedlock1_2,床位鎖定不分配表
booking_numclose,NULL
booking_refund,行程變更退費異常
booking_shareroom,NULL
booking_Y114000003,NULL
bookingTmp,NULL
campfeebook,二天以上需繳費住宿費用
campfeelist,繳費隊伍申請資料
campfeeteams,繳費隊伍-隊員資料
campmanagefees,宿營地規費
campmanagefeesDetail,規費退費明細表
cancelmember,個人取消人員
Case_Main,案件申請主檔
Case_MainTemp,案件申請主檔草稿
Case_PeopleCancel,NULL
Case_Sub," 案件申請子檔"
ChangHwaClose,彰銀關帳日
CITY,縣市代碼表
CityParkWeather,縣市、國家公園氣象資料
ClimblineType,次路線類別
ClimbRouteMange,登山路線
EGOVPAYDATA,電子支付繳費資料
EIP_Core_AccessControl,此角色可以使用的程式模組
EIP_Core_AccessScope,NULL
EIP_Core_AdminMap,功能表
EIP_Core_Config,組態設定
EIP_Core_Module,開發模組控管
EIP_Core_Module_Config,NULL
EIP_Core_Module_Control,開發模組控管
EIP_Core_Module_DataScopeInControl,NULL
EIP_Core_Organization,機關單位
EmailData,NULL
EmailSet,NULL
EmergencyTel,緊急聯絡電話主項目
EmergencyTelDetail,緊急聯絡電話明細
FAQ,NULL
FileDownload,NULL
FileDownloadNps,一站式檔案下載
FileDownloadNpsItem,檔案下載附件資料
FileManagement,NULL
FileManagementDetail,NULL
Fixedclimb,固定路線資料表
Fixedclimb_closedate,NULL
Fixedclimb_log,NULL
Fixedclimb_opendate,NULL
Fixedclimb_relation,NULL
Fixedclimbmain,固定路線主線名稱
Fixedclimbmain_closedate,NULL
Fixedclimbmain_opendate,NULL
fixednode,自訂路線判斷節點表
FixedSchedule,路線行程資料表
FlowerSet,NULL
GismapList,NULL
HolidaySet,假日設定
HolidaySet_TARKO,NULL
HolidaySetForeignOpen,假日設定
IrregulItem,違規事項管理
LatestNews,最新消息
Loginrecord,NULL
Mailcate,NULL
Mailcate2,NULL
Manager,NULL
masterApiCode_log,NULL
MGroup,NULL
MountainAcc,山域事故
MountainGroup,登山團體
Nation,NULL
NationMap,洲別+國家
NEWCANCELNUMLOG,繳費銷帳編號紀錄表
node,節點資料表
node_arrive,NULL
node_closedate,NULL
node_files,NULL
node_one,NULL
node_relation,節點臨近點資料表
node_two,NULL
NodeDis,NULL
NodeIOClose,禁止進出登山口設定
Nonfixedclimb,自定路線管理
Nonfixednode,自訂路線判斷節點表
NotePark,入園注意事項維護
NPCode,代碼表
onlineService_log,NULL
OuterChkUsr,外部稽核人員可查詢的入園日期區間
PAYDATA,彰銀線上繳費
paylog,金帳轉帳匯入紀錄
Police_node,前往地點代碼對照表
printdata,許可證注意事項維護
ReceiptNum,收據編號
RefundDate,可申請退費日期設定
refundsData,退費資料
refundsReason,退費原因
RouteDrawDay,路線中籤率統計表
RuleSet,NULL
Sampleemail,簡訊範例資料
Samplesms,簡訊範例資料
scheduleEmail,NULL
Site_CampIndex00,4大山屋介接資料
Site_Community,社群
Site_CommunityGood,分享文點讚
Site_CommunityMsg,社群留言
Site_Kml,KML主檔
Site_KmlRoute,KML與路徑關聯檔
Site_KmlXY,KML路徑XY總檔
Site_Member,會員
Site_SuggestRoute,建議行程
SnowSet,NULL
SOVEREIGN,各大洲
Spnperrormember,可疑名單
Spnperrormember_hislog,歷史關注紀錄
StopForeignAdvanceRequest,禁止外籍提前申請設定
StoreFile,超商繳費憑證
StorePayLog,超商繳費紀錄
SusEmail,可疑電子郵件
SynPaiYunFeeBeforeLottery,NULL
sysdiagrams,NULL
System_Log,NULL
TAROcate,NULL
taroko_notwaitinglist,NULL
TAROSampleANS,簡訊範例資料
tb_AdminMap,NULL
tb_applylisthistory,申請案件歷程
tb_Blacklist,NULL
tb_BTmodle,NULL
tb_BTmodle_func,NULL
tb_BTmodle_user,NULL
tb_CHT_SMS_Err_LOG,NULL
tb_CHT_SMSLOG,NULL
tb_classcode,NULL
tb_cpami_allnode,節點資料表
tb_cpami_node_arrive,NULL
tb_Exceptions,NULL
tb_GitPull,NULL
tb_JiusendList,申請歷程記錄
tb_JiusendList_BLACK,NULL
tb_layer,NULL
TB_Mail_Log,NULL
tb_MonthlyStatistics,NULL
tb_MountainSafetyVideo,NULL
tb_newspop,NULL
tb_NotInserial,NULL
tb_npa_paths,登山路線圖詞庫主路線資料表
tb_npa_reasons,登山事由資料表
tb_npa_subPaths,登山路線圖詞庫次路線資料表
tb_PushKind,NULL
tb_PushMessage,NULL
tb_PushUser,NULL
tb_ReturnCoordinates,NULL
tb_road_view_power,各步道名稱關聯表
tb_roadbook,路線乘載量資料表
tb_roadbook_Draw,路線乘載量資料表
tb_scheduleOther,其他路線資料表
tb_scheduleOther_bak,其他路線草稿資料表
tb_SheipaWebServiceAPP,NULL
tb_SmsLog,NULL
tb_stopTaroko,NULL
tb_TARKO_CaseLog,NULL
tb_TarkoAppLog,NULL
tb_token,NULL
tb_Yushan_CaseLog,NULL
tbparam,NULL
tbWarning,示警資料表
tmptb,NULL
tmptbred,NULL
Tools,NULL
Tools_black,NULL
TOWN,鄉鎮代碼表
Trailclassification,NULL
ttApi_Log,NULL
UserExtCol,使用者資料表(次)
userroute,NULL
Vocabulary,NULL
VocabularyType,片語詞庫類型
WaterLog,取水紀錄
YLDDetail,領隊資料庫細項
yushan_node_num,節點承載量依日期區間顯示
YushanChkinBeforeLeader,領隊未報到紀錄
YushanDrawDay,中籤率統計表
YushanFeeAlert,NULL
YushanLeaderData,領隊資料庫
YushanOrgPeo,原住民協作資料庫
YushanQryClose67,NULL
